source,target,label
PGM_PSQ104,PGM_MQCLOSE,CALL
PGM_PSQ104,PGM_MQOPEN,CALL
PGM_PSQ104,PGM_MQPUT,CALL
PGM_PS011,FIL_&W-CTLFILE,READ
PGM_PS011,FIL_&W-CTLFILE,WRITE
PGM_PS011,FIL_MVSDEQ,CALL
PGM_PS011,FIL_MVSENQ,CALL
PGM_PS011,PGM_MVSDEQ,CALL
PGM_PS011,PGM_MVSENQ,CALL
PGM_PS011,PGM_PS013,LINK
PGM_PS011,PGM_PS014,LINK
PGM_PS011,PGM_PS020,LINK
PGM_PS011,PGM_PS061,LINK
PGM_PS011,TXN_&CTL-TAS-TRNSID,START-TRANSID
PGM_PS011,TXN_&W-TAS-TRNSID,START-TRANSID
PGM_PS013,PGM_PS061,LINK
PGM_PS014,FIL_MVSWTO,CALL
PGM_PS17,FIL_MVSRTN03,CALL
PGM_PS20,PGM_PS21,LINK
PGM_PS20,PGM_PS22,LINK
PGM_TP0002P,PGM_&WS-PGMID,XCTL
PGM_TP0002P,PGM_TP0003P,XCTL
PGM_TP0002P,PGM_TP0004P,LINK
PGM_TP0002P,PGM_TP0069P,LINK
PGM_TP0002P,PGM_TP8600R,LINK
PGM_TP0002P,PGM_TP8809R,LINK
PGM_TP0002P,TXN_TP0A,START-TRANSID
PGM_TP0003P,PGM_&WS-PGMID,XCTL
PGM_TP0003P,PGM_TP0005P,XCTL
PGM_TP0003P,PGM_TP0006P,XCTL
PGM_TP0004P,PGM_&WS-TZB005R-PROGID,CALL
PGM_TP0004P,PGM_RU802R,LINK
PGM_TP0004P,PGM_TP0054R,LINK
PGM_TP0004P,PGM_TP0058P,LINK
PGM_TP0004P,PGM_TP0059P,LINK
PGM_TP0004P,PGM_TP0060P,LINK
PGM_TP0004P,PGM_TP0061P,LINK
PGM_TP0004P,PGM_TP0062P,LINK
PGM_TP0004P,PGM_TP0065P,LINK
PGM_TP0004P,PGM_TP0067R,LINK
PGM_TP0004P,PGM_TP0068P,LINK
PGM_TP0004P,PGM_TP1010P,LINK
PGM_TP0004P,PGM_TP1011P,LINK
PGM_TP0004P,PGM_TP8621R,LINK
PGM_TP0004P,PGM_TP8629R,LINK
PGM_TP0004P,PGM_TP8632R,LINK
PGM_TP0004P,PGM_TYT08S,LINK
PGM_TP0005P,PGM_&WS-PGMID,XCTL
PGM_TP0005P,PGM_TP0020P,XCTL
PGM_TP0005P,PGM_TP0021P,XCTL
PGM_TP0005P,PGM_TP0095P,XCTL
PGM_TP0005P,PGM_TP0097P,XCTL
PGM_TP0005P,PGM_TP0098P,XCTL
PGM_TP0005P,PGM_TP0099P,XCTL
PGM_TP0010P,PGM_TP0004P,LINK
PGM_TP0020P,PGM_&WS-PGMID,XCTL
PGM_TP0020P,PGM_&WS-RUB806R,CALL
PGM_TP0020P,PGM_&WS-TZB005R-PROGID,CALL
PGM_TP0020P,PGM_RU802R,LINK
PGM_TP0020P,PGM_RU819R,LINK
PGM_TP0020P,PGM_TP0050R,LINK
PGM_TP0020P,PGM_TP0051R,LINK
PGM_TP0020P,PGM_TP0057R,LINK
PGM_TP0020P,PGM_TP0067R,LINK
PGM_TP0020P,PGM_TP0101P,LINK
PGM_TP0020P,PGM_TP8600R,LINK
PGM_TP0020P,PGM_TP8601R,LINK
PGM_TP0020P,PGM_TP8633R,LINK
PGM_TP0020P,PGM_TP8803R,LINK
PGM_TP0020P,PGM_TYT08S,LINK
PGM_TP0020P,PGM_TY217R,LINK
PGM_TP0021P,PGM_&WS-PGMID,XCTL
PGM_TP0021P,PGM_&WS-TZB005R-PROGID,CALL
PGM_TP0021P,PGM_RUB806R,CALL
PGM_TP0021P,PGM_RU802R,LINK
PGM_TP0021P,PGM_TP0050R,LINK
PGM_TP0021P,PGM_TP0051R,LINK
PGM_TP0021P,PGM_TP0052R,LINK
PGM_TP0021P,PGM_TP0057R,LINK
PGM_TP0021P,PGM_TP0067R,LINK
PGM_TP0021P,PGM_TP0101P,LINK
PGM_TP0021P,PGM_TP8633R,LINK
PGM_TP0021P,PGM_TP8803R,LINK
PGM_TP0021P,PGM_TYT08S,LINK
PGM_TP0021P,PGM_TY217R,LINK
PGM_TP0050R,PGM_&WS-RUB806R,CALL
PGM_TP0050R,PGM_&WS-RUB809R,CALL
PGM_TP0050R,PGM_&WS-TZB005R-PROGID,CALL
PGM_TP0050R,PGM_RU802R,LINK
PGM_TP0050R,PGM_TP0056R,LINK
PGM_TP0050R,PGM_TYT08S,LINK
PGM_TP0051R,PGM_TP0064R,LINK
PGM_TP0051R,PGM_TP8602R,LINK
PGM_TP0051R,PGM_TY217R,LINK
PGM_TP0052R,PGM_&WS-TZB005R-PROGID,CALL
PGM_TP0052R,PGM_RU802R,LINK
PGM_TP0052R,PGM_TYT08S,LINK
PGM_TP0053R,PGM_TP8629R,LINK
PGM_TP0055R,PGM_PSRDTEC3,CALL
PGM_TP0055R,PGM_TP8801R,LINK
PGM_TP0056R,PGM_&PSRDTEC3-DYN,CALL
PGM_TP0056R,PGM_TP8801R,LINK
PGM_TP0056R,PGM_TYT08S,LINK
PGM_TP0057R,PGM_TY217R,LINK
PGM_TP0058P,PGM_&WS-TZB005R,CALL
PGM_TP0058P,PGM_TP0054R,LINK
PGM_TP0058P,PGM_TP0059P,LINK
PGM_TP0058P,PGM_TP0063P,LINK
PGM_TP0058P,PGM_TP0065P,LINK
PGM_TP0058P,PGM_TP1010P,LINK
PGM_TP0058P,PGM_TP1011P,LINK
PGM_TP0058P,PGM_TP8600R,LINK
PGM_TP0058P,PGM_TP8602R,LINK
PGM_TP0058P,PGM_TP8628R,LINK
PGM_TP0058P,PGM_TP8629R,LINK
PGM_TP0059P,PGM_&WS-TZB005R,CALL
PGM_TP0059P,PGM_RU802R,LINK
PGM_TP0059P,PGM_RU810R,LINK
PGM_TP0059P,PGM_TP0057R,LINK
PGM_TP0059P,PGM_TP0064R,LINK
PGM_TP0059P,PGM_TP0100P,LINK
PGM_TP0059P,PGM_TP1010P,LINK
PGM_TP0059P,PGM_TP8802R,LINK
PGM_TP0059P,PGM_TY217R,LINK
PGM_TP0062P,PGM_&WS-PSRDTEC3,CALL
PGM_TP0062P,PGM_&WS-RUB809R,CALL
PGM_TP0062P,PGM_&WS-TZB005R,CALL
PGM_TP0062P,PGM_RUBUFFR,LINK
PGM_TP0062P,PGM_RUR101P,LINK
PGM_TP0062P,PGM_RU802R,LINK
PGM_TP0062P,PGM_RU811R,LINK
PGM_TP0062P,PGM_RU821R,LINK
PGM_TP0062P,PGM_TP0055R,LINK
PGM_TP0062P,PGM_TP0064R,LINK
PGM_TP0062P,PGM_TP8600R,LINK
PGM_TP0062P,PGM_TP8601R,LINK
PGM_TP0062P,PGM_TP8621R,LINK
PGM_TP0062P,PGM_TYT08S,LINK
PGM_TP0062P,PGM_TYT15S,LINK
PGM_TP0062P,PGM_TY217R,LINK
PGM_TP0062P,PGM_TZ903R,LINK
PGM_TP0063P,PGM_&WS-RUB806R,CALL
PGM_TP0063P,PGM_&WS-RUB808R,CALL
PGM_TP0063P,PGM_&WS-RUB809R,CALL
PGM_TP0063P,PGM_&WS-TZB005R,CALL
PGM_TP0063P,PGM_RUBUFFR,LINK
PGM_TP0063P,PGM_RUR101P,LINK
PGM_TP0063P,PGM_RU802R,LINK
PGM_TP0063P,PGM_RU811R,LINK
PGM_TP0063P,PGM_TP0064R,LINK
PGM_TP0063P,PGM_TP8600R,LINK
PGM_TP0063P,PGM_TP8601R,LINK
PGM_TP0063P,PGM_TYT08S,LINK
PGM_TP0063P,PGM_TY217R,LINK
PGM_TP0064R,PGM_&WS-TZB005R,CALL
PGM_TP0064R,PGM_TP8600R,LINK
PGM_TP0065P,PGM_TP8629R,LINK
PGM_TP0066R,PGM_&WS-TZB005R-PROGID,CALL
PGM_TP0066R,PGM_RU802R,LINK
PGM_TP0066R,PGM_TP0054R,LINK
PGM_TP0066R,PGM_TP0059P,LINK
PGM_TP0066R,PGM_TP0069P,LINK
PGM_TP0066R,PGM_TP1010P,LINK
PGM_TP0066R,PGM_TP1011P,LINK
PGM_TP0067R,PGM_TP8621R,LINK
PGM_TP0067R,PGM_TP8654R,LINK
PGM_TP0068P,PGM_TP1010P,LINK
PGM_TP0068P,PGM_TP1011P,LINK
PGM_TP0068P,PGM_TP8624R,LINK
PGM_TP0068P,PGM_TP8625R,LINK
PGM_TP0068P,PGM_TP8629R,LINK
PGM_TP0069P,FIL_&WS-DDNAME,WRITE
PGM_TP0069P,FIL_TZPARA,READ
PGM_TP0069P,PGM_&WS-TZB005R,CALL
PGM_TP0069P,PGM_TP0065P,LINK
PGM_TP0069P,PGM_TP1520R,LINK
PGM_TP0069P,PGM_TP8600R,LINK
PGM_TP0069P,PGM_TP8602R,LINK
PGM_TP0069P,PGM_TP8628R,LINK
PGM_TP0069P,PGM_TP8629R,LINK
PGM_TP0097P,PGM_&WS-PGMID,XCTL
PGM_TP0097P,PGM_&WS-TZB005R-PROGID,CALL
PGM_TP0097P,PGM_RU802R,LINK
PGM_TP0097P,PGM_RU819R,LINK
PGM_TP0097P,PGM_TP0050R,LINK
PGM_TP0097P,PGM_TP0051R,LINK
PGM_TP0097P,PGM_TP0057R,LINK
PGM_TP0097P,PGM_TP0067R,LINK
PGM_TP0097P,PGM_TP0101P,LINK
PGM_TP0097P,PGM_TP8600R,LINK
PGM_TP0097P,PGM_TP8601R,LINK
PGM_TP0097P,PGM_TP8633R,LINK
PGM_TP0097P,PGM_TP8803R,LINK
PGM_TP0097P,PGM_TYT08S,LINK
PGM_TP0097P,PGM_TY217R,LINK
PGM_TP0098P,PGM_&WS-PGMID,XCTL
PGM_TP0098P,PGM_&WS-TZB005R-PROGID,CALL
PGM_TP0098P,PGM_RU802R,LINK
PGM_TP0098P,PGM_RU819R,LINK
PGM_TP0098P,PGM_TP0050R,LINK
PGM_TP0098P,PGM_TP0051R,LINK
PGM_TP0098P,PGM_TP0057R,LINK
PGM_TP0098P,PGM_TP0067R,LINK
PGM_TP0098P,PGM_TP0101P,LINK
PGM_TP0098P,PGM_TP8600R,LINK
PGM_TP0098P,PGM_TP8601R,LINK
PGM_TP0098P,PGM_TP8633R,LINK
PGM_TP0098P,PGM_TP8803R,LINK
PGM_TP0098P,PGM_TYT08S,LINK
PGM_TP0098P,PGM_TY217R,LINK
PGM_TP0099P,PGM_&WS-PGMID,XCTL
PGM_TP0099P,PGM_&WS-TZB005R-PROGID,CALL
PGM_TP0099P,PGM_RU802R,LINK
PGM_TP0099P,PGM_RU819R,LINK
PGM_TP0099P,PGM_TP0050R,LINK
PGM_TP0099P,PGM_TP0051R,LINK
PGM_TP0099P,PGM_TP0057R,LINK
PGM_TP0099P,PGM_TP0067R,LINK
PGM_TP0099P,PGM_TP0101P,LINK
PGM_TP0099P,PGM_TP8600R,LINK
PGM_TP0099P,PGM_TP8601R,LINK
PGM_TP0099P,PGM_TP8633R,LINK
PGM_TP0099P,PGM_TP8803R,LINK
PGM_TP0099P,PGM_TYT08S,LINK
PGM_TP0099P,PGM_TY217R,LINK
PGM_TP0100P,PGM_&WS-TZB005R,CALL
PGM_TP0100P,PGM_RU802R,LINK
PGM_TP0101P,PGM_&WS-PSRDTEC3,CALL
PGM_TP0101P,PGM_&WS-RUB806R,CALL
PGM_TP0101P,PGM_&WS-RUB809R,CALL
PGM_TP0101P,PGM_&WS-TZB005R-PROGID,CALL
PGM_TP0101P,PGM_RU802R,LINK
PGM_TP0101P,PGM_RU819R,LINK
PGM_TP0101P,PGM_TP8T12S,LINK
PGM_TP0101P,PGM_TP8600R,LINK
PGM_TP0101P,PGM_TP8602R,LINK
PGM_TP0101P,PGM_TP8630R,LINK
PGM_TP0101P,PGM_TYT08S,LINK
PGM_TP0101P,PGM_TY213R,LINK
PGM_TP0101P,PGM_TY217R,LINK
PGM_TP0101P,PGM_TZ935R,LINK
PGM_TP1011P,PGM_&TPW02-ROUTINE,LINK
PGM_TP1011P,PGM_TP1010P,LINK
PGM_TP1011P,PGM_TP1013P,LINK
PGM_TP1500P,PGM_TP1010P,LINK
PGM_TP1500P,PGM_TP1520R,LINK
PGM_TP1501P,PGM_&WS-TZB005R,CALL
PGM_TP1501P,PGM_RUR101P,LINK
PGM_TP1501P,PGM_RU819R,LINK
PGM_TP1501P,PGM_TP1010P,LINK
PGM_TP1501P,PGM_TP1521R,LINK
PGM_TP1501P,PGM_TP8600R,LINK
PGM_TP1501P,PGM_TY217R,LINK
PGM_TP1502P,PGM_TP1010P,LINK
PGM_TP1502P,PGM_TP8612R,LINK
PGM_TP1503P,PGM_&WS-TZB005R-PROGID,CALL
PGM_TP1503P,PGM_RU802R,LINK
PGM_TP1503P,PGM_TP1010P,LINK
PGM_TP1503P,PGM_TP8620R,LINK
PGM_TP1503P,PGM_TP8621R,LINK
PGM_TP1503P,PGM_TP8622R,LINK
PGM_TP1503P,PGM_TP8625R,LINK
PGM_TP1503P,PGM_TP8629R,LINK
PGM_TP1503P,PGM_TP8632R,LINK
PGM_TP1503P,PGM_TP8654R,LINK
PGM_TP1503P,PGM_TQ2001R,LINK
PGM_TP1520R,PGM_TP8600R,LINK
PGM_TP1521R,PGM_TP8602R,LINK
PGM_TP8T12S,PGM_TP8600R,LINK
PGM_TP8T50S,PGM_TP8600R,LINK
PGM_TP8410P,FIL_&WS-TZB005R,CALL
PGM_TP8410P,PGM_RU820R,LINK
PGM_TP8410P,PGM_TP8620R,LINK
PGM_TP8410P,PGM_TP8621R,LINK
PGM_TP8410P,PGM_TP8622R,LINK
PGM_TP8410P,PGM_TZ901R,LINK
PGM_TP8410P,PGM_TZ903R,LINK
PGM_TP8410P,PGM_TZ904R,LINK
PGM_TP8410P,PGM_TZ936R,LINK
PGM_TP8600R,FIL_&WS-DATASET,READ
PGM_TP8600R,FIL_&WS-DATASET,WRITE
PGM_TP8601R,FIL_&WS-DATASET,READ
PGM_TP8601R,FIL_&WS-DATASET,WRITE
PGM_TP8602R,FIL_&WS-DATASET,READ
PGM_TP8602R,FIL_&WS-DATASET,WRITE
PGM_TP8610R,FIL_TPEVTST,READ
PGM_TP8610R,FIL_TPEVTST,WRITE
PGM_TP8611R,FIL_TPLOGST,WRITE
PGM_TP8612R,FIL_TPLOGFX,WRITE
PGM_TP8620R,FIL_&WS-DDNAME,READ
PGM_TP8620R,FIL_&WS-DDNAME,WRITE
PGM_TP8621R,FIL_&WS-DATASET,READ
PGM_TP8621R,FIL_&WS-DATASET,WRITE
PGM_TP8622R,FIL_&WS-DDNAME,READ
PGM_TP8622R,FIL_&WS-DDNAME,WRITE
PGM_TP8628R,FIL_&WS-DDNAME,READ
PGM_TP8628R,FIL_&WS-DDNAME,WRITE
PGM_TP8629R,FIL_&WS-DATASET,READ
PGM_TP8629R,FIL_&WS-DATASET,WRITE
PGM_TP8633R,FIL_&WS-DATASET,READ
PGM_TP8633R,FIL_&WS-DATASET,WRITE
PGM_TP8652R,FIL_&TP8652-FILE-NAME,READ
PGM_TP8652R,FIL_&TP8652-FILE-NAME,WRITE
PGM_TP8653R,FIL_TPOCNTL,READ
PGM_TP8653R,FIL_TPOCNTL,WRITE
PGM_TP8654R,FIL_&WS-DATASET,READ
PGM_TP8654R,FIL_&WS-DATASET,WRITE
PGM_TP8801R,PGM_&PSRDTEC3-DYN,CALL
PGM_TP8801R,PGM_TP8804R,LINK
PGM_TP8801R,PGM_TYT08ES,LINK
PGM_TP8802R,PGM_&WS-TZB005R-PROGID,CALL
PGM_TP8802R,PGM_RU802R,LINK
PGM_TP8802R,PGM_TP8804R,LINK
PGM_TP8802R,PGM_TYT08S,LINK
PGM_TP8803R,PGM_TYT08S,LINK
PGM_TP8804R,PGM_TYT08S,LINK
PGM_TP8809R,PGM_&WS-TZB005R-PROGID,CALL
PGM_TP8809R,PGM_RU802R,LINK
PGM_TP8809R,PGM_TP0067R,LINK
PGM_TP8809R,PGM_TP8600R,LINK
PGM_TP8809R,PGM_TP8629R,LINK
PGM_TP8809R,PGM_TP8633R,LINK
PGM_TP9002P,PGM_&WS-TZB005R,CALL
PGM_TP9002P,PGM_TP0054R,LINK
PGM_TP9002P,PGM_TP0059P,LINK
PGM_TP9002P,PGM_TP0063P,LINK
PGM_TP9002P,PGM_TP1010P,LINK
PGM_TP9002P,PGM_TP1011P,LINK
PGM_TP9002P,PGM_TP8600R,LINK
PGM_TP9002P,PGM_TP8628R,LINK
PGM_TQMQ200R,PGM_MQCLOSE,CALL
PGM_TQMQ200R,PGM_MQCONN,CALL
PGM_TQMQ200R,PGM_MQDISC,CALL
PGM_TQMQ200R,PGM_MQGET,CALL
PGM_TQMQ200R,PGM_MQOPEN,CALL
PGM_TQMQ200R,PGM_MQPUT,CALL
PGM_TQMQ300R,FIL_MQCLOSE,CALL
PGM_TQMQ300R,FIL_MQCONN,CALL
PGM_TQMQ300R,FIL_MQDISC,CALL
PGM_TQMQ300R,FIL_MQGET,CALL
PGM_TQMQ300R,FIL_MQOPEN,CALL
PGM_TQMQ300R,FIL_MQPUT,CALL
PGM_TQMXP,FIL_&W100-TQMQ300R,CALL
PGM_TQMXP,FIL_&W100-TZCOMWP,CALL
PGM_TQMXP,FIL_&W100-TZXMUNP,CALL
PGM_TQMXP,FIL_TZMXLOG,WRITE
PGM_TQMXP,PGM_TY217R,LINK
PGM_TQMXP,PGM_TZIARP,LINK
PGM_TQMXP,PGM_TZ903R,LINK
PGM_TQMXP,PGM_TZ904R,LINK
PGM_TQ2000P,PGM_&WS-INTF-PGM,LINK
PGM_TQ2000P,PGM_PSQ104,LINK
PGM_TQ2000P,PGM_TP8T50S,LINK
PGM_TQ2000P,PGM_TP8600R,LINK
PGM_TQ2000P,PGM_TQ2001R,LINK
PGM_TQ2000P,PGM_TQ9001R,LINK
PGM_TQ2001R,PGM_TQ9001R,LINK
PGM_TQ2002P,PGM_TQ9001R,LINK
PGM_TQ3000P,PGM_PSQ104,LINK
PGM_TQ9001R,FIL_&WS-DDNAME,READ
PGM_TQ9001R,FIL_&WS-DDNAME,WRITE
PGM_TYB201R,PGM_&WS-PSRD-NAME,CALL
PGM_TYT08ES,PGM_TY414R,LINK
PGM_TYT08S,PGM_TY414R,LINK
PGM_TYT15S,PGM_TY414R,LINK
PGM_TY203R,PGM_&WS-TYB201,CALL
PGM_TY203R,PGM_TY427R,LINK
PGM_TY214R,PGM_&WS-LINK-PROGID,CALL
PGM_TY214R,PGM_TYT15S,LINK
PGM_TY217R,PGM_&WS-LINK-PROGID,CALL
PGM_TY217R,PGM_TYT15S,LINK
PGM_TY414R,FIL_TYPARA,READ
PGM_TY414R,FIL_TYPARA,WRITE
PGM_TY414R,FIL_TYPARA1,READ
PGM_TY427R,FIL_TYPCEVL,READ
PGM_TZCPIP,PGM_&WS-PROGID,XCTL
PGM_TZCPIP,PGM_TZ901R,LINK
PGM_TZCPIP,PGM_TZ902R,LINK
PGM_TZCPIP,PGM_TZ907R,LINK
PGM_TZCPIP,PGM_TZ914R,LINK
PGM_TZCPIP,PGM_TZ920R,LINK
PGM_TZCPIP,PGM_TZ935R,LINK
PGM_TZCPUCP,PGM_&WS-PROGID,XCTL
PGM_TZCPUCP,PGM_TZ901R,LINK
PGM_TZCPUCP,PGM_TZ902R,LINK
PGM_TZCPUCP,PGM_TZ907R,LINK
PGM_TZCPUCP,PGM_TZ914R,LINK
PGM_TZCPUCP,PGM_TZ920R,LINK
PGM_TZCPUCP,PGM_TZ935R,LINK
PGM_TZCPUOP,PGM_&WS-PROGID,XCTL
PGM_TZCPUOP,PGM_TZ901R,LINK
PGM_TZCPUOP,PGM_TZ902R,LINK
PGM_TZCPUOP,PGM_TZ907R,LINK
PGM_TZCPUOP,PGM_TZ909R,LINK
PGM_TZCPUOP,PGM_TZ935R,LINK
PGM_TZDDIP,PGM_&COM-ORIG-PROGID,XCTL
PGM_TZDDIP,PGM_TP0054R,LINK
PGM_TZDDIP,PGM_TZOCDP,XCTL
PGM_TZDDIP,PGM_TZOODP,XCTL
PGM_TZDDIP,PGM_TZT52S,LINK
PGM_TZDDIP,PGM_TZ051R,LINK
PGM_TZDDIP,PGM_TZ550P,XCTL
PGM_TZDDIP,PGM_TZ901R,LINK
PGM_TZDDIP,PGM_TZ902R,LINK
PGM_TZDDIP,PGM_TZ933R,LINK
PGM_TZDDIP,PGM_TZ935R,LINK
PGM_TZDDIP,PGM_TZ951R,LINK
PGM_TZDMMP,PGM_&WS-PGM-ID,XCTL
PGM_TZDMMP,PGM_TZ935R,LINK
PGM_TZDPFP,PGM_&COM-ORIG-PROGID,XCTL
PGM_TZDPFP,PGM_TP0054R,LINK
PGM_TZDPFP,PGM_TZDVAP,XCTL
PGM_TZDPFP,PGM_TZOCDP,XCTL
PGM_TZDPFP,PGM_TZOTDP,XCTL
PGM_TZDPFP,PGM_TZT51S,LINK
PGM_TZDPFP,PGM_TZT52S,LINK
PGM_TZDPFP,PGM_TZT54S,LINK
PGM_TZDPFP,PGM_TZ100P,LINK
PGM_TZDPFP,PGM_TZ550P,LINK
PGM_TZDPFP,PGM_TZ550P,XCTL
PGM_TZDPFP,PGM_TZ901R,LINK
PGM_TZDPFP,PGM_TZ902R,LINK
PGM_TZDPFP,PGM_TZ903R,LINK
PGM_TZDPFP,PGM_TZ905R,LINK
PGM_TZDPFP,PGM_TZ920R,LINK
PGM_TZDPFP,PGM_TZ935R,LINK
PGM_TZDPFP,PGM_TZ951R,LINK
PGM_TZDPFP,PGM_TZ953R,LINK
PGM_TZDUIP,PGM_&COM-ORIG-PROGID,XCTL
PGM_TZDUIP,PGM_&COM-PREV-PROGID,XCTL
PGM_TZDUIP,PGM_&WS-TZB005R-PROGID,CALL
PGM_TZDUIP,PGM_&WS-TZ003R,LINK
PGM_TZDUIP,PGM_TYT08S,LINK
PGM_TZDUIP,PGM_TZT51S,LINK
PGM_TZDUIP,PGM_TZ051R,LINK
PGM_TZDUIP,PGM_TZ901R,LINK
PGM_TZDUIP,PGM_TZ903R,LINK
PGM_TZDUIP,PGM_TZ904R,LINK
PGM_TZDUIP,PGM_TZ935R,LINK
PGM_TZDVAP,FIL_TZPARA,READ
PGM_TZDVAP,PGM_&WS-LINK-PROGID,CALL
PGM_TZDVAP,PGM_AQ806R,LINK
PGM_TZDVAP,PGM_RU802R,LINK
PGM_TZDVAP,PGM_RU816R,LINK
PGM_TZDVAP,PGM_RU820R,LINK
PGM_TZDVAP,PGM_TYT08S,LINK
PGM_TZDVAP,PGM_TY212R,LINK
PGM_TZDVAP,PGM_TY213R,LINK
PGM_TZDVAP,PGM_TZCPVP,XCTL
PGM_TZDVAP,PGM_TZDPFP,XCTL
PGM_TZDVAP,PGM_TZT51S,LINK
PGM_TZDVAP,PGM_TZT52S,LINK
PGM_TZDVAP,PGM_TZ005R,LINK
PGM_TZDVAP,PGM_TZ051R,LINK
PGM_TZDVAP,PGM_TZ052R,LINK
PGM_TZDVAP,PGM_TZ055R,LINK
PGM_TZDVAP,PGM_TZ060R,LINK
PGM_TZDVAP,PGM_TZ061R,LINK
PGM_TZDVAP,PGM_TZ100P,LINK
PGM_TZDVAP,PGM_TZ901R,LINK
PGM_TZDVAP,PGM_TZ902R,LINK
PGM_TZDVAP,PGM_TZ903R,LINK
PGM_TZDVAP,PGM_TZ904R,LINK
PGM_TZDVAP,PGM_TZ914R,LINK
PGM_TZDVAP,PGM_TZ935R,LINK
PGM_TZDVAP,PGM_TZ936R,LINK
PGM_TZDVAP,PGM_TZ951R,LINK
PGM_TZDVAP,PGM_TZ953R,LINK
PGM_TZIARP,FIL_&WS-TZB005R-PROGID,CALL
PGM_TZIARP,FIL_TZCPMAS,READ
PGM_TZIARP,FIL_TZIALOG,WRITE
PGM_TZIARP,FIL_TZPARA,READ
PGM_TZIARP,PGM_&WS-LINK-PROGID,CALL
PGM_TZIARP,PGM_&WS-TZEIBR,CALL
PGM_TZIARP,PGM_AQ806R,LINK
PGM_TZIARP,PGM_RU802R,LINK
PGM_TZIARP,PGM_RU820R,LINK
PGM_TZIARP,PGM_TP0054R,LINK
PGM_TZIARP,PGM_TP0057R,LINK
PGM_TZIARP,PGM_TP8601R,LINK
PGM_TZIARP,PGM_TP8621R,LINK
PGM_TZIARP,PGM_TP8629R,LINK
PGM_TZIARP,PGM_TYT08S,LINK
PGM_TZIARP,PGM_TY217R,LINK
PGM_TZIARP,PGM_TZLACP,LINK
PGM_TZIARP,PGM_TZT51S,LINK
PGM_TZIARP,PGM_TZT54S,LINK
PGM_TZIARP,PGM_TZ051R,LINK
PGM_TZIARP,PGM_TZ052RG,LINK
PGM_TZIARP,PGM_TZ060R,LINK
PGM_TZIARP,PGM_TZ100P,LINK
PGM_TZIARP,PGM_TZ200P,LINK
PGM_TZIARP,PGM_TZ203R,LINK
PGM_TZIARP,PGM_TZ550P,LINK
PGM_TZIARP,PGM_TZ902R,LINK
PGM_TZIARP,PGM_TZ903R,LINK
PGM_TZIARP,PGM_TZ904R,LINK
PGM_TZIARP,PGM_TZ912R,LINK
PGM_TZIARP,PGM_TZ913R,LINK
PGM_TZIARP,PGM_TZ920R,LINK
PGM_TZIARP,PGM_TZ933R,LINK
PGM_TZIARP,PGM_TZ935R,LINK
PGM_TZIARP,PGM_TZ936R,LINK
PGM_TZIARP,PGM_TZ938R,LINK
PGM_TZIARP,PGM_UI028,LINK
PGM_TZLACP,FIL_TZPARA,READ
PGM_TZLACP,PGM_&W100-TZEIBR,CALL
PGM_TZLACP,PGM_&W100-TZ965R,LINK
PGM_TZLACP,PGM_RU820R,LINK
PGM_TZLALP,PGM_&COM-ORIG-PROGID,XCTL
PGM_TZLALP,PGM_&COM-PREV-PROGID,XCTL
PGM_TZLALP,PGM_&WS-TZB005R,CALL
PGM_TZLALP,PGM_TZT54S,LINK
PGM_TZLALP,PGM_TZ902R,LINK
PGM_TZLALP,PGM_TZ907R,LINK
PGM_TZLALP,PGM_TZ909R,LINK
PGM_TZLALP,PGM_TZ914R,LINK
PGM_TZLALP,PGM_TZ935R,LINK
PGM_TZLCLP,PGM_&WS-PROGID,XCTL
PGM_TZLCLP,PGM_&WS-TZB005R,CALL
PGM_TZLCLP,PGM_TY213R,LINK
PGM_TZLCLP,PGM_TZT54S,LINK
PGM_TZLCLP,PGM_TZ901R,LINK
PGM_TZLCLP,PGM_TZ902R,LINK
PGM_TZLCLP,PGM_TZ907R,LINK
PGM_TZLCLP,PGM_TZ914R,LINK
PGM_TZLCLP,PGM_TZ935R,LINK
PGM_TZLLIP,PGM_&COM-ORIG-PROGID,XCTL
PGM_TZLLIP,PGM_&COM-PREV-PROGID,XCTL
PGM_TZLLIP,PGM_TZT54S,LINK
PGM_TZLLIP,PGM_TZ901R,LINK
PGM_TZLLIP,PGM_TZ902R,LINK
PGM_TZLLIP,PGM_TZ914R,LINK
PGM_TZLLIP,PGM_TZ935R,LINK
PGM_TZL1P,PGM_&W100-TZEIBR,CALL
PGM_TZL1P,PGM_&W100-TZL2P,XCTL
PGM_TZL1P,PGM_&W100-TZL3P,XCTL
PGM_TZL1P,PGM_&W100-TZL4P,XCTL
PGM_TZL1P,PGM_&W100-TZL5P,XCTL
PGM_TZL1P,PGM_&W100-TZ920R,LINK
PGM_TZL1P,PGM_&W100-TZ935R,LINK
PGM_TZL2P,PGM_&W100-TZEIBR,CALL
PGM_TZL2P,PGM_&W100-TZL1P,XCTL
PGM_TZL2P,PGM_&W100-TZTLER,LINK
PGM_TZL2P,PGM_&W100-TZ920R,LINK
PGM_TZL2P,PGM_&W100-TZ935R,LINK
PGM_TZL2P,PGM_&W100-TZ965R,LINK
PGM_TZL2P,PGM_&W100-TZ966R,LINK
PGM_TZL3P,PGM_&W100-TZEIBR,CALL
PGM_TZL3P,PGM_&W100-TZL1P,XCTL
PGM_TZL3P,PGM_&W100-TZTLER,LINK
PGM_TZL3P,PGM_&W100-TZ920R,LINK
PGM_TZL3P,PGM_&W100-TZ935R,LINK
PGM_TZL3P,PGM_&W100-TZ966R,LINK
PGM_TZL4P,PGM_&W100-TYT08S,LINK
PGM_TZL4P,PGM_&W100-TZEIBR,CALL
PGM_TZL4P,PGM_&W100-TZL1P,XCTL
PGM_TZL4P,PGM_&W100-TZTLER,LINK
PGM_TZL4P,PGM_&W100-TZ920R,LINK
PGM_TZL4P,PGM_&W100-TZ935R,LINK
PGM_TZL4P,PGM_&W100-TZ965R,LINK
PGM_TZL4P,PGM_&W100-TZ966R,LINK
PGM_TZL5P,PGM_&W100-TZEIBR,CALL
PGM_TZL5P,PGM_&W100-TZL1P,XCTL
PGM_TZL5P,PGM_&W100-TZTLER,LINK
PGM_TZL5P,PGM_&W100-TZ920R,LINK
PGM_TZL5P,PGM_&W100-TZ935R,LINK
PGM_TZL5P,PGM_&W100-TZ965R,LINK
PGM_TZOCDP,PGM_&COM-ORIG-PROGID,XCTL
PGM_TZOCDP,PGM_&COM-PREV-PROGID,XCTL
PGM_TZOCDP,PGM_&WS-TZB005R-PROGID,CALL
PGM_TZOCDP,PGM_TYT08S,LINK
PGM_TZOCDP,PGM_TZDDIP,XCTL
PGM_TZOCDP,PGM_TZT52S,LINK
PGM_TZOCDP,PGM_TZ051R,LINK
PGM_TZOCDP,PGM_TZ901R,LINK
PGM_TZOCDP,PGM_TZ914R,LINK
PGM_TZOCDP,PGM_TZ915R,LINK
PGM_TZOCDP,PGM_TZ935R,LINK
PGM_TZOCONV,FIL_TZFXTZDL,READ
PGM_TZOCONV,PGM_TZIARP,LINK
PGM_TZOCONV2,FIL_TZFXTZD2,READ
PGM_TZOCONV2,PGM_TZOMERG,LINK
PGM_TZOMERG,FIL_TZIALG2,WRITE
PGM_TZOMERG,FIL_TZPARA,READ
PGM_TZOMERG,PGM_TY217R,LINK
PGM_TZOMERG,PGM_TZIARP,LINK
PGM_TZOMERG,PGM_TZOMERGX,LINK
PGM_TZOMERG,PGM_TZ903R,LINK
PGM_TZOMERGX,FIL_&WS-TZB005R-PROGID,CALL
PGM_TZOMERGX,PGM_RU802R,LINK
PGM_TZOMERGX,PGM_TZ903R,LINK
PGM_TZOTDP,PGM_&WS-PROGID,XCTL
PGM_TZOTDP,PGM_TZT51S,LINK
PGM_TZOTDP,PGM_TZT52S,LINK
PGM_TZOTDP,PGM_TZ905R,LINK
PGM_TZOTDP,PGM_TZ935R,LINK
PGM_TZOTDP,PGM_TZ936R,LINK
PGM_TZR485R,FIL_&WS-PROGID-CALLED,CALL
PGM_TZR485R,PGM_TZ005R,LINK
PGM_TZR485R,PGM_TZ915R,LINK
PGM_TZR485R,PGM_TZ917R,LINK
PGM_TZTFUCP,PGM_&WS-PROGID,XCTL
PGM_TZTFUCP,PGM_TZ903R,LINK
PGM_TZTFUCP,PGM_TZ907R,LINK
PGM_TZTFUCP,PGM_TZ935R,LINK
PGM_TZTFUOP,FIL_TZPARA,READ
PGM_TZTFUOP,PGM_&WS-PROGID,XCTL
PGM_TZTFUOP,PGM_TZ903R,LINK
PGM_TZTFUOP,PGM_TZ907R,LINK
PGM_TZTFUOP,PGM_TZ909R,LINK
PGM_TZTFUOP,PGM_TZ935R,LINK
PGM_TZTLER,FIL_&WS-DATASET,READ
PGM_TZTLER,FIL_&WS-DATASET,WRITE
PGM_TZTLER,FIL_&WS-TZEIBR,CALL
PGM_TZTRNHP,FIL_&WS-TZPNET,READ
PGM_TZTRNHP,FIL_&WS-TZPNET,WRITE
PGM_TZTRNHP,PGM_&WS-PSRDTEC3,CALL
PGM_TZTRNHP,PGM_&WS-PS17,LINK
PGM_TZTROP,FIL_&WS-TZPNET,READ
PGM_TZTROP,FIL_&WS-TZPNET,WRITE
PGM_TZTROP,PGM_&WS-TZ913R,LINK
PGM_TZTROP,PGM_&WS-TZ920R,LINK
PGM_TZTROP,PGM_&WS-TZ935R,LINK
PGM_TZTRTHP,FIL_&WS-PSRDTEC3,CALL
PGM_TZTRTHP,FIL_&WS-TZ24HRP,READ
PGM_TZTRTHP,FIL_&WS-TZ24HRP,WRITE
PGM_TZTRTHP,PGM_&WS-PS17,LINK
PGM_TZTXLBP,PGM_&W100-TZ920R,LINK
PGM_TZTXLBP,PGM_&W100-TZ935R,LINK
PGM_TZTXLBP,PGM_&W100-TZ965R,LINK
PGM_TZTXUBP,PGM_&WS-TZ920R,LINK
PGM_TZTXUBP,PGM_&WS-TZ935R,LINK
PGM_TZTXUCP,PGM_&WS-PROGID,XCTL
PGM_TZTXUCP,PGM_&WS-TZB005R-PROGID,CALL
PGM_TZTXUCP,PGM_TYT08S,LINK
PGM_TZTXUCP,PGM_TZ911R,LINK
PGM_TZTXUCP,PGM_TZ920R,LINK
PGM_TZTXUCP,PGM_TZ935R,LINK
PGM_TZTXUHP,PGM_&WS-LINK-PROGID,CALL
PGM_TZTXUHP,PGM_TZ912R,LINK
PGM_TZTXUHP,PGM_TZ918R,LINK
PGM_TZTXUMP,PGM_&WS-PGM-ID,XCTL
PGM_TZTXUMP,PGM_TZ935R,LINK
PGM_TZTXUOP,PGM_&WS-PROGID,XCTL
PGM_TZTXUOP,PGM_TZ911R,LINK
PGM_TZTXUOP,PGM_TZ920R,LINK
PGM_TZTXUOP,PGM_TZ935R,LINK
PGM_TZTXURP,FIL_&WS-PSRDTEC3,CALL
PGM_TZTXURP,FIL_&WS-TZOPERA,READ
PGM_TZTXURP,FIL_&WS-TZPARA,READ
PGM_TZTXURP,FIL_&WS-TZPARA,WRITE
PGM_TZTXURP,FIL_&WS-TZPNET,WRITE
PGM_TZTXURP,PGM_&WS-PS17,LINK
PGM_TZT51S,PGM_TZ920R,LINK
PGM_TZT52S,PGM_TZ920R,LINK
PGM_TZT54S,PGM_TZ920R,LINK
PGM_TZT57S,PGM_TZ920R,LINK
PGM_TZT58S,PGM_TZ920R,LINK
PGM_TZT60S,PGM_TZ920R,LINK
PGM_TZUTLP,FIL_TZCPMAS,READ
PGM_TZUTLP,FIL_TZPARA,READ
PGM_TZUTLP,FIL_TZUTLG,WRITE
PGM_TZUTLP,PGM_TZ100P,LINK
PGM_TZUTLP,PGM_TZ903R,LINK
PGM_TZUTLP,PGM_TZ936R,LINK
PGM_TZUTLP,PGM_TZ939R,LINK
PGM_TZ003R,PGM_&WS-LINKED-PGMID,LINK
PGM_TZ003R,PGM_&WS-TZB005R-PROGID,CALL
PGM_TZ005R,FIL_&WS-PSRDTEC3,CALL
PGM_TZ005R,PGM_TYT08S,LINK
PGM_TZ005R,PGM_TY214R,LINK
PGM_TZ051R,PGM_TZ903R,LINK
PGM_TZ051R,PGM_TZ904R,LINK
PGM_TZ051R,PGM_TZ905R,LINK
PGM_TZ051R,PGM_TZ908R,LINK
PGM_TZ052RG,PGM_&WS-TZB005R-PROGID,CALL
PGM_TZ052RG,PGM_RUR200P,LINK
PGM_TZ052RG,PGM_TZT58S,LINK
PGM_TZ061R,PGM_TZ902R,LINK
PGM_TZ100P,PGM_&WS-TZB005R-PROGID,CALL
PGM_TZ100P,PGM_RU820R,LINK
PGM_TZ100P,PGM_TP0052R,LINK
PGM_TZ100P,PGM_TP0057R,LINK
PGM_TZ100P,PGM_TZ200P,LINK
PGM_TZ100P,PGM_TZ204R,LINK
PGM_TZ100P,PGM_TZ300P,LINK
PGM_TZ100P,PGM_TZ550P,LINK
PGM_TZ100P,PGM_TZ600P,LINK
PGM_TZ100P,PGM_TZ700P,LINK
PGM_TZ100P,PGM_TZ901R,LINK
PGM_TZ100P,PGM_TZ902R,LINK
PGM_TZ100P,PGM_TZ903R,LINK
PGM_TZ100P,PGM_TZ904R,LINK
PGM_TZ100P,PGM_TZ905R,LINK
PGM_TZ100P,PGM_TZ906R,LINK
PGM_TZ100P,PGM_TZ908R,LINK
PGM_TZ100P,PGM_TZ909R,LINK
PGM_TZ100P,PGM_TZ910R,LINK
PGM_TZ100P,PGM_TZ937R,LINK
PGM_TZ100P,PGM_TZ951R,LINK
PGM_TZ100P,PGM_TZ953R,LINK
PGM_TZ100P,TXN_TZ03,START-TRANSID
PGM_TZ200P,PGM_&WS-LINK-PROGID,CALL
PGM_TZ200P,PGM_TY217R,LINK
PGM_TZ200P,PGM_TZ201R,LINK
PGM_TZ200P,PGM_TZ202R,LINK
PGM_TZ200P,PGM_TZ203R,LINK
PGM_TZ200P,PGM_TZ902R,LINK
PGM_TZ200P,PGM_TZ903R,LINK
PGM_TZ201R,PGM_&WS-TZ003R,LINK
PGM_TZ201R,PGM_TZ903R,LINK
PGM_TZ202R,PGM_&WS-LINK-PROGID,CALL
PGM_TZ202R,PGM_TZ205R,LINK
PGM_TZ202R,PGM_TZ902R,LINK
PGM_TZ203R,PGM_&WS-TZB005R-PROGID,CALL
PGM_TZ203R,PGM_TZ901R,LINK
PGM_TZ205R,PGM_&WS-TZB005R-PROGID,CALL
PGM_TZ205R,PGM_RU820R,LINK
PGM_TZ300P,PGM_TZ301R,LINK
PGM_TZ300P,PGM_TZ302R,LINK
PGM_TZ300P,PGM_TZ306R,LINK
PGM_TZ300P,PGM_TZ905R,LINK
PGM_TZ300P,PGM_TZ906R,LINK
PGM_TZ300P,PGM_TZ908R,LINK
PGM_TZ301R,PGM_TZ903R,LINK
PGM_TZ301R,PGM_TZ920R,LINK
PGM_TZ302R,PGM_TZ902R,LINK
PGM_TZ302R,PGM_TZ910R,LINK
PGM_TZ306R,PGM_TZ903R,LINK
PGM_TZ306R,PGM_TZ904R,LINK
PGM_TZ550P,PGM_&WS-PROG-ID,XCTL
PGM_TZ550P,PGM_&WS-TZB005R-PROGID,CALL
PGM_TZ550P,PGM_RU802R,LINK
PGM_TZ550P,PGM_RU820R,LINK
PGM_TZ550P,PGM_RU821R,LINK
PGM_TZ550P,PGM_TP0002P,LINK
PGM_TZ550P,PGM_TP0002P,XCTL
PGM_TZ550P,PGM_TP0053R,LINK
PGM_TZ550P,PGM_TZ903R,LINK
PGM_TZ550P,PGM_TZ905R,LINK
PGM_TZ550P,PGM_TZ951R,LINK
PGM_TZ550P,PGM_TZ953R,LINK
PGM_TZ550P,TXN_&WS-TRANS-ID,START-TRANSID
PGM_TZ600P,FIL_TPFXCVR,READ
PGM_TZ600P,FIL_TZ300LG,WRITE
PGM_TZ600P,PGM_&WS-TZB005R-PROGID,CALL
PGM_TZ600P,PGM_TP8T50S,LINK
PGM_TZ600P,PGM_TQ3000P,LINK
PGM_TZ600P,PGM_TZ807R,LINK
PGM_TZ600P,PGM_TZ808R,LINK
PGM_TZ600P,PGM_TZ901R,LINK
PGM_TZ600P,PGM_TZ903R,LINK
PGM_TZ600P,PGM_TZ934R,LINK
PGM_TZ901R,FIL_TZCPMAS,READ
PGM_TZ901R,FIL_TZCPMAS,WRITE
PGM_TZ902R,FIL_TZCPLMT,READ
PGM_TZ902R,FIL_TZCPLMT,WRITE
PGM_TZ903R,FIL_TZTRANS,READ
PGM_TZ903R,FIL_TZTRANS,WRITE
PGM_TZ904R,FIL_TZTRNHT,READ
PGM_TZ904R,FIL_TZTRNHT,WRITE
PGM_TZ905R,FIL_TZTRIDL,READ
PGM_TZ905R,FIL_TZTRIDL,WRITE
PGM_TZ905R,FIL_TZTRIDL1,READ
PGM_TZ906R,FIL_TZTRIAH,READ
PGM_TZ906R,FIL_TZTRIAH,WRITE
PGM_TZ907R,FIL_TZEVTST,READ
PGM_TZ907R,FIL_TZEVTST,WRITE
PGM_TZ908R,FIL_TZEVTTR,READ
PGM_TZ908R,FIL_TZEVTTR,WRITE
PGM_TZ909R,FIL_TZLOGST,WRITE
PGM_TZ910R,FIL_TZLOGTR,READ
PGM_TZ910R,FIL_TZLOGTR,WRITE
PGM_TZ911R,FIL_TZEVNTX,READ
PGM_TZ911R,FIL_TZEVNTX,WRITE
PGM_TZ912R,FIL_TZOPER,READ
PGM_TZ912R,FIL_TZOPER,WRITE
PGM_TZ913R,FIL_TZ24HRP,READ
PGM_TZ913R,FIL_TZ24HRP,WRITE
PGM_TZ914R,FIL_TZCPMASA,READ
PGM_TZ915R,FIL_TZTRANSA,READ
PGM_TZ916R,FIL_TZTRNHTA,READ
PGM_TZ917R,FIL_TZCPMASB,READ
PGM_TZ918R,FIL_TZOPERA,READ
PGM_TZ918R,FIL_TZOPERA,WRITE
PGM_TZ920R,FIL_&WS-DATASET-NAME,READ
PGM_TZ920R,FIL_&WS-DATASET-NAME,WRITE
PGM_TZ933R,FIL_TZEXTREF,READ
PGM_TZ933R,FIL_TZEXTREF,WRITE
PGM_TZ934R,FIL_TZCLSSSI,READ
PGM_TZ934R,FIL_TZCLSSSI,WRITE
PGM_TZ935R,FIL_TZPROF,READ
PGM_TZ935R,FIL_TZPROF,WRITE
PGM_TZ936R,FIL_TZBRCH,READ
PGM_TZ936R,FIL_TZBRCH,WRITE
PGM_TZ937R,FIL_TZEADH,READ
PGM_TZ937R,FIL_TZEADH,WRITE
PGM_TZ938R,FIL_TZRFQ,READ
PGM_TZ938R,FIL_TZRFQ,WRITE
PGM_TZ939R,FIL_TZUTILO,READ
PGM_TZ951R,PGM_TYT08S,LINK
PGM_TZ951R,PGM_TZ901R,LINK
PGM_TZ951R,PGM_TZ902R,LINK
PGM_TZ965R,FIL_&WS-OL-FILE,READ
PGM_TZ965R,FIL_&WS-OL-FILE,WRITE
PGM_TZ966R,FIL_&WS-OL-FILE,READ
PGM_TZ966R,FIL_&WS-OL-FILE,WRITE